kebab-case,camelCase,_id
2434,2426,674f758f21997cc708e5bb75
2496,2048,674f758f21997cc708e5bb75
4806,1910,674f758f21997cc708e5bb75
2612,2646,674f758f21997cc708e5bb75
2586,3759,674f758f21997cc708e5bb75
4319,3859,674f758f21997cc708e5bb75
2409,2416,674f758f21997cc708e5bb75
2050,3013,674f758f21997cc708e5bb75
1826,3201,674f758f21997cc708e5bb75
1896,2117,674f758f21997cc708e5bb75
2431,2286,674f7922e95702b59982bf91
1556,2041,674f7922e95702b59982bf91
3423,1474,674f7922e95702b59982bf91
4038,2443,674f7922e95702b59982bf91
2506,2938,674f7922e95702b59982bf91
4903,2490,674f7922e95702b59982bf91
2167,1607,674f7922e95702b59982bf91
2100,5162,674f7922e95702b59982bf91
1956,3239,674f7922e95702b59982bf91
3038,1590,674f7922e95702b59982bf91
5840,6971,674f7a6de95702b59982bf92
3842,2345,674f7a6de95702b59982bf92
3842,3343,674f7a6de95702b59982bf92
2076,3640,674f7a6de95702b59982bf92
2227,3244,674f7a6de95702b59982bf92
4892,14765,674f7a6de95702b59982bf92
3841,4020,674f7a6de95702b59982bf92
8056,4824,674f7a6de95702b59982bf92
7875,3108,674f7a6de95702b59982bf92
4291,5641,674f7a6de95702b59982bf92
4196,3498,674f7ac5e95702b59982bf93
3822,4031,674f7ac5e95702b59982bf93
1911,2865,674f7ac5e95702b59982bf93
3611,3681,674f7ac5e95702b59982bf93
3343,3246,674f7ac5e95702b59982bf93
3629,3046,674f7ac5e95702b59982bf93
3712,2778,674f7ac5e95702b59982bf93
2810,3264,674f7ac5e95702b59982bf93
3443,2145,674f7ac5e95702b59982bf93
5073,3248,674f7ac5e95702b59982bf93
3558,4269,674f7c17775bbb687eb28202
5546,2030,674f7c17775bbb687eb28202
4663,3778,674f7c17775bbb687eb28202
2784,2549,674f7c17775bbb687eb28202
2566,4027,674f7c17775bbb687eb28202
3458,3331,674f7c17775bbb687eb28202
3186,2344,674f7c17775bbb687eb28202
3831,4381,674f7c17775bbb687eb28202
10435,4296,674f7c17775bbb687eb28202
4529,4780,674f7c17775bbb687eb28202
7131,15129,674f7c18775bbb687eb28203
7977,2680,674f7c18775bbb687eb28203
5412,9006,674f7c18775bbb687eb28203
8973,8150,674f7c18775bbb687eb28203
7725,3904,674f7c18775bbb687eb28203
4286,5825,674f7c18775bbb687eb28203
6846,6428,674f7c18775bbb687eb28203
10554,4201,674f7c18775bbb687eb28203
6808,3904,674f7c18775bbb687eb28203
4720,4885,674f7c18775bbb687eb28203
10994,8789,674f7ce3775bbb687eb28204
12152,6515,674f7ce3775bbb687eb28204
4011,5804,674f7ce3775bbb687eb28204
3287,3952,674f7ce3775bbb687eb28204
5864,6332,674f7ce3775bbb687eb28204
6610,5234,674f7ce3775bbb687eb28204
9798,4331,674f7ce3775bbb687eb28204
6541,7261,674f7ce3775bbb687eb28204
8143,2922,674f7ce3775bbb687eb28204
4979,11797,674f7ce3775bbb687eb28204
3099,6469,674f7d41775bbb687eb28205
4161,4548,674f7d41775bbb687eb28205
2396,1856,674f7d41775bbb687eb28205
4494,3539,674f7d41775bbb687eb28205
5967,6607,674f7d41775bbb687eb28205
3938,5061,674f7d41775bbb687eb28205
6014,2878,674f7d41775bbb687eb28205
3987,4595,674f7d41775bbb687eb28205
4434,3059,674f7d41775bbb687eb28205
2857,2564,674f7d41775bbb687eb28205
6289,5677,674f7ef8745296d0e44b754d
4688,2157,674f7ef8745296d0e44b754d
2541,6453,674f7ef8745296d0e44b754d
3424,4041,674f7ef8745296d0e44b754d
3689,5460,674f7ef8745296d0e44b754d
5589,3709,674f7ef8745296d0e44b754d
5569,3068,674f7ef8745296d0e44b754d
4641,4669,674f7ef8745296d0e44b754d
4893,5339,674f7ef8745296d0e44b754d
4337,2923,674f7ef8745296d0e44b754d
8952,4581,674f81e54f61ef90d066c83a
4926,2495,674f81e54f61ef90d066c83a
3360,2395,674f81e54f61ef90d066c83a
3444,3496,674f81e54f61ef90d066c83a
5187,5381,674f81e54f61ef90d066c83a
5735,4987,674f81e54f61ef90d066c83a
4660,3228,674f81e54f61ef90d066c83a
3776,4783,674f81e54f61ef90d066c83a
5415,2509,674f81e54f61ef90d066c83a
3898,2655,674f81e54f61ef90d066c83a
2123,3416,674f81fd4f61ef90d066c83b
1358,1551,674f81fd4f61ef90d066c83b
2483,1586,674f81fd4f61ef90d066c83b
1460,1793,674f81fd4f61ef90d066c83b
1626,1341,674f81fd4f61ef90d066c83b
2041,1559,674f81fd4f61ef90d066c83b
2436,1571,674f81fd4f61ef90d066c83b
1681,1597,674f81fd4f61ef90d066c83b
3411,1599,674f81fd4f61ef90d066c83b
2089,1942,674f81fd4f61ef90d066c83b
3969,3689,674f82374f61ef90d066c83c
12404,2590,674f82374f61ef90d066c83c
5574,2331,674f82374f61ef90d066c83c
3241,2247,674f82374f61ef90d066c83c
2784,1759,674f82374f61ef90d066c83c
2972,2565,674f82374f61ef90d066c83c
2354,5530,674f82374f61ef90d066c83c
2009,2132,674f82374f61ef90d066c83c
2153,9016,674f82374f61ef90d066c83c
39951,5851,674f82374f61ef90d066c83c
5370,5067,674f841149002af9af589334
5190,4060,674f841149002af9af589334
5498,6594,674f841149002af9af589334
5241,5013,674f841149002af9af589334
6473,12412,674f841149002af9af589334
6986,5792,674f841149002af9af589334
5872,2259,674f841149002af9af589334
3455,4835,674f841149002af9af589334
5109,3676,674f841149002af9af589334
3461,5522,674f841149002af9af589334
5157,7032,674f85406f5b965f6fece369
5995,3463,674f85406f5b965f6fece369
10529,4928,674f85406f5b965f6fece369
4429,7263,674f85406f5b965f6fece369
4012,1613,674f85406f5b965f6fece369
5547,3862,674f85406f5b965f6fece369
4796,3995,674f85406f5b965f6fece369
4878,6778,674f85406f5b965f6fece369
5426,3977,674f85406f5b965f6fece369
4379,6180,674f85406f5b965f6fece369
4605,7581,674f87a9d438e1da63e1436b
9089,8789,674f87a9d438e1da63e1436b
5222,3855,674f87a9d438e1da63e1436b
3754,5821,674f87a9d438e1da63e1436b
4524,5794,674f87a9d438e1da63e1436b
4117,4942,674f87a9d438e1da63e1436b
9674,4173,674f87a9d438e1da63e1436b
4925,5404,674f87a9d438e1da63e1436b
8552,2538,674f87a9d438e1da63e1436b
4158,5221,674f87a9d438e1da63e1436b
6493,12236,674f8875d438e1da63e1436c
5122,2189,674f8875d438e1da63e1436c
5836,2760,674f8875d438e1da63e1436c
5056,4674,674f8875d438e1da63e1436c
7504,3524,674f8875d438e1da63e1436c
8306,4622,674f8875d438e1da63e1436c
12278,2391,674f8875d438e1da63e1436c
4186,9005,674f8875d438e1da63e1436c
17398,1922,674f8875d438e1da63e1436c
5322,4771,674f8875d438e1da63e1436c
2983,4099,674f8878d438e1da63e1436d
3959,1560,674f8878d438e1da63e1436d
2957,3409,674f8878d438e1da63e1436d
2663,2621,674f8878d438e1da63e1436d
4443,6150,674f8878d438e1da63e1436d
3894,4815,674f8878d438e1da63e1436d
4560,1978,674f8878d438e1da63e1436d
3223,2848,674f8878d438e1da63e1436d
4721,5766,674f8878d438e1da63e1436d
3439,3019,674f8878d438e1da63e1436d
4250,4121,674f88ecd438e1da63e1436e
4217,2512,674f88ecd438e1da63e1436e
4642,2202,674f88ecd438e1da63e1436e
3136,2864,674f88ecd438e1da63e1436e
3231,3390,674f88ecd438e1da63e1436e
6829,5141,674f88ecd438e1da63e1436e
11726,11483,674f88ecd438e1da63e1436e
2385,2892,674f88ecd438e1da63e1436e
5873,2870,674f88ecd438e1da63e1436e
3057,3143,674f88ecd438e1da63e1436e
9995,9673,674f96911ee015438d753550
20245,4744,674f96911ee015438d753550
5578,10030,674f96911ee015438d753550
6009,7311,674f96911ee015438d753550
14978,13030,674f96911ee015438d753550
7795,7278,674f96911ee015438d753550
10213,5078,674f96911ee015438d753550
7279,7613,674f96911ee015438d753550
18944,6427,674f96911ee015438d753550
10361,4897,674f96911ee015438d753550
4486,5226,674f9c67215ce1b9444f15d5
4207,3692,674f9c67215ce1b9444f15d5
5787,3142,674f9c67215ce1b9444f15d5
3888,3775,674f9c67215ce1b9444f15d5
3658,2009,674f9c67215ce1b9444f15d5
3724,2675,674f9c67215ce1b9444f15d5
4343,2257,674f9c67215ce1b9444f15d5
4387,4539,674f9c67215ce1b9444f15d5
5659,2119,674f9c67215ce1b9444f15d5
3811,4525,674f9c67215ce1b9444f15d5
5061,6587,674fdc15d76a7433294a53be
4656,2971,674fdc15d76a7433294a53be
3817,5219,674fdc15d76a7433294a53be
2087,4988,674fdc15d76a7433294a53be
6488,6737,674fdc15d76a7433294a53be
4003,6174,674fdc15d76a7433294a53be
5197,2543,674fdc15d76a7433294a53be
7984,2984,674fdc15d76a7433294a53be
3557,3982,674fdc15d76a7433294a53be
3552,3368,674fdc15d76a7433294a53be
6530,7699,674ff3f44cccf6a2f88c01e1
5493,7280,674ff3f44cccf6a2f88c01e1
3794,15059,674ff3f44cccf6a2f88c01e1
2760,310,674ff3f44cccf6a2f88c01e1
497,193,674ff3f44cccf6a2f88c01e1
328,150,674ff3f44cccf6a2f88c01e1
4213,5795,674ff3f44cccf6a2f88c01e1
3580,5779,674ff3f44cccf6a2f88c01e1
18105,5606,674ff3f44cccf6a2f88c01e1
4090,5811,674ff3f44cccf6a2f88c01e1
4293,5527,674ffc91dee2829cb5d73915
6042,3598,674ffc91dee2829cb5d73915
2678,7812,674ffc91dee2829cb5d73915
3431,3414,674ffc91dee2829cb5d73915
4381,2097,674ffc91dee2829cb5d73915
4293,4366,674ffc91dee2829cb5d73915
4240,3848,674ffc91dee2829cb5d73915
4071,3756,674ffc91dee2829cb5d73915
14304,5829,674ffc91dee2829cb5d73915
4430,4573,674ffc91dee2829cb5d73915
3624,3744,6750039cb3c0bd60a05422e2
2325,3008,6750039cb3c0bd60a05422e2
2940,2368,6750039cb3c0bd60a05422e2
1943,1919,6750039cb3c0bd60a05422e2
2693,2277,6750039cb3c0bd60a05422e2
2928,2257,6750039cb3c0bd60a05422e2
2873,1873,6750039cb3c0bd60a05422e2
2040,1744,6750039cb3c0bd60a05422e2
2853,2558,6750039cb3c0bd60a05422e2
1771,1976,6750039cb3c0bd60a05422e2
3240,4261,6750053e881951e5d84bf07e
3059,3465,6750053e881951e5d84bf07e
2077,3927,6750053e881951e5d84bf07e
2400,2734,6750053e881951e5d84bf07e
5189,4280,6750053e881951e5d84bf07e
3958,3812,6750053e881951e5d84bf07e
3163,2096,6750053e881951e5d84bf07e
1870,2497,6750053e881951e5d84bf07e
2662,1772,6750053e881951e5d84bf07e
1629,3669,6750053e881951e5d84bf07e
4400,5089,67500d7657900f8273aff8e8
7686,6900,67500d7657900f8273aff8e8
5136,6103,67500d7657900f8273aff8e8
5223,5544,67500d7657900f8273aff8e8
4926,4656,67500d7657900f8273aff8e8
3018,5056,67500d7657900f8273aff8e8
4200,2621,67500d7657900f8273aff8e8
3957,4383,67500d7657900f8273aff8e8
4206,6924,67500d7657900f8273aff8e8
5686,4140,67500d7657900f8273aff8e8
4368,4555,67500f850bb4cd6eac4ecc3c
4544,3260,67500f850bb4cd6eac4ecc3c
3773,2355,67500f850bb4cd6eac4ecc3c
2997,4257,67500f850bb4cd6eac4ecc3c
2460,2225,67500f850bb4cd6eac4ecc3c
3390,3277,67500f850bb4cd6eac4ecc3c
4935,2388,67500f850bb4cd6eac4ecc3c
3990,2940,67500f850bb4cd6eac4ecc3c
3275,2853,67500f850bb4cd6eac4ecc3c
3394,2882,67500f850bb4cd6eac4ecc3c
9306,9255,67501d08c398929b7a04a96b
8004,5775,67501d08c398929b7a04a96b
31522,6335,67501d08c398929b7a04a96b
6390,14690,67501d08c398929b7a04a96b
14224,6877,67501d08c398929b7a04a96b
12973,5992,67501d08c398929b7a04a96b
12322,8471,67501d08c398929b7a04a96b
6337,11556,67501d08c398929b7a04a96b
16137,4456,67501d08c398929b7a04a96b
6656,26341,67501d08c398929b7a04a96b
4123,3995,675024e8efae76c9e7006851
3938,3056,675024e8efae76c9e7006851
3063,2751,675024e8efae76c9e7006851
3058,2638,675024e8efae76c9e7006851
3338,2821,675024e8efae76c9e7006851
3046,4372,675024e8efae76c9e7006851
2457,2406,675024e8efae76c9e7006851
2457,2720,675024e8efae76c9e7006851
2972,4004,675024e8efae76c9e7006851
3091,2722,675024e8efae76c9e7006851
3676,4344,675028849591c3fd9b86c92f
7747,10930,675028849591c3fd9b86c92f
5959,3179,675028849591c3fd9b86c92f
5772,2007,675028849591c3fd9b86c92f
4491,3107,675028849591c3fd9b86c92f
4660,5362,675028849591c3fd9b86c92f
6208,2358,675028849591c3fd9b86c92f
3191,4545,675028849591c3fd9b86c92f
3072,3409,675028849591c3fd9b86c92f
5723,6144,675028849591c3fd9b86c92f
5940,8016,67504209c242968b33f6a401
4902,4719,67504209c242968b33f6a401
4332,8540,67504209c242968b33f6a401
3082,4355,67504209c242968b33f6a401
4374,3798,67504209c242968b33f6a401
10293,5539,67504209c242968b33f6a401
5329,4225,67504209c242968b33f6a401
4331,5200,67504209c242968b33f6a401
14818,3918,67504209c242968b33f6a401
2395,6133,67504209c242968b33f6a401
4114,4161,6750591794d41a6c001adae8
6163,5470,6750591794d41a6c001adae8
4319,4326,6750591794d41a6c001adae8
9098,3650,6750591794d41a6c001adae8
5194,4517,6750591794d41a6c001adae8
4472,5614,6750591794d41a6c001adae8
4190,2717,6750591794d41a6c001adae8
2882,3629,6750591794d41a6c001adae8
2265,5027,6750591794d41a6c001adae8
2868,6380,6750591794d41a6c001adae8
6620,6014,67508278552c62ded9ce3247
3951,2965,67508278552c62ded9ce3247
10607,2977,67508278552c62ded9ce3247
4183,3446,67508278552c62ded9ce3247
3851,5018,67508278552c62ded9ce3247
4919,3808,67508278552c62ded9ce3247
6785,2692,67508278552c62ded9ce3247
4416,7541,67508278552c62ded9ce3247
9330,3063,67508278552c62ded9ce3247
5312,4758,67508278552c62ded9ce3247
3196,6898,67515f8695e19cd1fc0874be
6307,2163,67515f8695e19cd1fc0874be
2182,2405,67515f8695e19cd1fc0874be
2755,5874,67515f8695e19cd1fc0874be
3552,3848,67515f8695e19cd1fc0874be
4769,4100,67515f8695e19cd1fc0874be
4046,1761,67515f8695e19cd1fc0874be
2581,3264,67515f8695e19cd1fc0874be
2260,3271,67515f8695e19cd1fc0874be
2785,2776,67515f8695e19cd1fc0874be
5083,6212,6752f2f1deb25df4faef7f03
4641,2951,6752f2f1deb25df4faef7f03
4809,3325,6752f2f1deb25df4faef7f03
3787,5783,6752f2f1deb25df4faef7f03
4884,4370,6752f2f1deb25df4faef7f03
8847,4219,6752f2f1deb25df4faef7f03
4345,2292,6752f2f1deb25df4faef7f03
5428,3950,6752f2f1deb25df4faef7f03
9240,5598,6752f2f1deb25df4faef7f03
11742,5071,6752f2f1deb25df4faef7f03
2539,2631,6761853ef9a08d4384bd34b7
4243,1945,6761853ef9a08d4384bd34b7
7707,3132,6761853ef9a08d4384bd34b7
2851,2125,6761853ef9a08d4384bd34b7
2508,2468,6761853ef9a08d4384bd34b7
3692,3225,6761853ef9a08d4384bd34b7
1765,2875,6761853ef9a08d4384bd34b7
2774,2238,6761853ef9a08d4384bd34b7
3389,1784,6761853ef9a08d4384bd34b7
2211,1467,6761853ef9a08d4384bd34b7
